claim_id,claim_type,claim_text,entity_ids,source_id,snippet_ref,confidence,notes,source_module,subject,predicate,object,observed_at
urn:claim:nist__mandates_minimum_8_char__sp_800_63b_4,TechnicalRequirement,NIST SP 800-63B-4 mandates a minimum password length of 8 characters,urn:entity:standard:nist_sp_800_63b_4,urn:source:nist__sp_800_63b_4_pdf,NIST SP 800-63B-4 password requirements mandate minimum 8 characters,high,Published July 2025,core,,,,
urn:claim:nist__recommends_15_char__sp_800_63b_4,TechnicalRequirement,NIST SP 800-63B-4 recommends passwords of at least 15 characters,urn:entity:standard:nist_sp_800_63b_4,urn:source:nist__sp_800_63b_4_pdf,recommend at least 15,high,Published July 2025,core,,,,
urn:claim:nist__prohibits_periodic_rotation__sp_800_63b_4,TechnicalRequirement,NIST SP 800-63B-4 prohibits mandatory periodic password rotation,urn:entity:standard:nist_sp_800_63b_4,urn:source:nist__sp_800_63b_4_pdf,prohibit mandatory periodic rotation,high,Published July 2025,core,,,,
urn:claim:nist__requires_breach_list_checking__sp_800_63b_4,TechnicalRequirement,NIST SP 800-63B-4 requires checking passwords against known breach lists,urn:entity:standard:nist_sp_800_63b_4,urn:source:nist__sp_800_63b_4_pdf,require checking passwords against known breach lists,high,Published July 2025,core,,,,
urn:claim:nist__phishing_resistant_aal3__sp_800_63b_4,TechnicalRequirement,NIST SP 800-63B-4 requires phishing-resistant MFA at AAL3,urn:entity:standard:nist_sp_800_63b_4,urn:source:kaspersky__password_standards_2024_requirements,phishing-resistant multi-factor authentication must be tied to communication channel,high,AAL3 authentication assurance level,core,,,,
urn:claim:fido2__cryptographically_bound_origin__yubico,SecurityProperty,FIDO2 authenticators cryptographically verify communication with legitimate server by binding private key to domain origin,urn:entity:technology:fido2,urn:source:yubico__nist_sp_800_63_4,authenticator cryptographically verifies legitimate server,high,Makes credential useless on phishing site,core,,,,
urn:claim:fido2__nist_aal3_required__yubico,TechnicalRequirement,NIST requires phishing-resistant MFA for AAL3 and strongly recommends for AAL2,urn:entity:technology:fido2,urn:source:yubico__nist_sp_800_63_4,requires phishing-resistant MFA for AAL3,high,2025 guidance,core,,,,
urn:claim:us_government__fido2_mandate_fy2024__yubico,PolicyRequirement,US government mandated phishing-resistant MFA adoption by end of FY2024,urn:entity:technology:fido2,urn:source:yubico__nist_sp_800_63_4,U.S. government mandated phishing-resistant MFA by end FY2024,high,Federal mandate,core,,,,
urn:claim:idcare__240pct_sim_swap_surge_2024__thomson_reuters,StatisticalClaim,IDCARE reported 240% increase in SIM-swap cases in 2024,urn:entity:concept:sim_swap,urn:source:thomsonreuters__sim_swap_fraud_threat,IDCARE reported 240% increase SIM-swap cases,high,2024 data,core,,,,
urn:claim:idcare__90pct_no_victim_interaction__thomson_reuters,StatisticalClaim,90% of SIM-swap attacks occurred without any victim interaction,urn:entity:concept:sim_swap,urn:source:thomsonreuters__sim_swap_fraud_threat,90% occurred without victim interaction,high,2024 data,core,,,,
urn:claim:fcc__2024_sim_swap_rules__thomson_reuters,PolicyRequirement,FCC 2024 SIM-Swap Rules require carriers to use secure authentication before processing SIM changes,urn:entity:organization:fcc,urn:source:thomsonreuters__sim_swap_fraud_threat,FCC 2024 rules require secure authentication,high,US regulatory requirement,core,,,,
urn:claim:dns__plaintext_udp_visible__rfc_9076,SecurityVulnerability,Traditional DNS queries sent in unencrypted UDP packets visible to network path observers,urn:entity:technology:dns_over_https,urn:source:ietf__rfc_9076_dns_privacy,DNS queries sent unencrypted UDP visible,high,RFC 9076 identifies as weakest link,core,,,,
urn:claim:dns__rfc_9076_weakest_link__rfc_9076,SecurityVulnerability,RFC 9076 identifies DNS as potentially the weakest link in privacy as other protocols adopt encryption,urn:entity:standard:rfc_9076,urn:source:ietf__rfc_9076_dns_privacy,DNS potentially weakest link in privacy,high,IETF assessment,core,,,,
urn:claim:dot__port_853_identifiable__arxiv_150,TechnicalProperty,DoT uses dedicated port 853 making it identifiable and blockable by network operators,urn:entity:technology:dns_over_tls,urn:source:arxiv__domain_name_encryption_privacy,DoT port 853 identifiable blockable,high,Distinct traffic signature,core,,,,
urn:claim:doh__port_443_blends_https__level1techs,TechnicalProperty,DoH uses port 443 making it indistinguishable from regular HTTPS web traffic,urn:entity:technology:dns_over_https,urn:source:level1techs__dns_over_https_rfc_8484,DoH port 443 indistinguishable from HTTPS,high,Censorship resistance benefit,core,,,,
urn:claim:doh__enterprise_visibility_harder__cisecurity,SecurityTradeoff,DoH blends with web traffic making it harder for enterprise security teams to block or monitor,urn:entity:technology:dns_over_https,urn:source:cisecurity__tls_ech_security_controls,harder for enterprise to block or monitor,medium,Enterprise policy enforcement challenge,core,,,,
urn:claim:encrypted_dns__changes_who_not_whether__rfc_9076,FundamentalPrinciple,Encrypted DNS changes who can see queries not whether anyone can see them,urn:entity:technology:dns_over_https,urn:source:ietf__rfc_9076_dns_privacy,changes who can see not whether,high,Trust shift not elimination,core,,,,
urn:claim:sni__plaintext_tls_handshake__mozilla,SecurityVulnerability,Server Name Indication sends destination hostname in plaintext during TLS handshake visible to on-path observers,urn:entity:technology:encrypted_client_hello,urn:source:mozilla__encrypted_client_hello,SNI destination hostname plaintext TLS handshake,high,Renders DNS encryption moot for hostname privacy,core,,,,
urn:claim:ech__encrypts_client_hello_including_sni__ietf_draft,TechnicalProperty,ECH encrypts entire ClientHello message including SNI,urn:entity:technology:encrypted_client_hello,urn:source:ietf__draft_ietf_tls_esni,encrypts entire ClientHello including SNI,high,IETF standardization in progress,core,,,,
urn:claim:ech__requires_client_and_server_support__security_com,DeploymentRequirement,ECH requires both client browser support and server-side deployment,urn:entity:technology:encrypted_client_hello,urn:source:security_com__ech_rsac_2025,requires both client browser and server-side deployment,high,Adoption still early-stage,core,,,,
urn:claim:ech__prevents_site_identification_shared_ip__cisecurity,SecurityProperty,ECH prevents on-path observers from determining specific site when CDN hosts many domains behind single IP,urn:entity:technology:encrypted_client_hello,urn:source:cisecurity__tls_ech_security_controls,prevents determining specific site shared IP,high,With CDN deployment,core,,,,
urn:claim:tor__three_relay_circuit__arxiv_44,TechnicalArchitecture,Tor routes traffic through three relays: guard middle and exit,urn:entity:technology:tor,urn:source:arxiv__comprehensive_survey_wf_attacks,routes traffic through three relays guard middle exit,high,Fundamental Tor architecture,core,,,,
urn:claim:tor__guard_knows_user_not_dest__arxiv_44,SecurityProperty,Tor guard node knows user IP but not destination,urn:entity:technology:tor,urn:source:arxiv__comprehensive_survey_wf_attacks,guard knows user IP not destination,high,Distributed trust model,core,,,,
urn:claim:tor__exit_knows_dest_not_user__arxiv_44,SecurityProperty,Tor exit node knows destination but not user IP,urn:entity:technology:tor,urn:source:arxiv__comprehensive_survey_wf_attacks,exit knows destination not user IP,high,Distributed trust model,core,,,,
urn:claim:tor__middle_knows_neither__arxiv_44,SecurityProperty,Tor middle node knows neither user IP nor destination,urn:entity:technology:tor,urn:source:arxiv__comprehensive_survey_wf_attacks,middle knows neither user nor destination,high,Distributed trust model,core,,,,
urn:claim:tor__requires_global_passive_adversary__arxiv_44,ThreatModelRequirement,Correlating Tor traffic requires adversary to control or observe both entry and exit of circuit simultaneously,urn:entity:technology:tor,urn:source:arxiv__comprehensive_survey_wf_attacks,requires control or observe entry and exit simultaneously,high,Global passive adversary capability,core,,,,
urn:claim:tor__anonymity_not_privacy__arxiv_44,FundamentalPrinciple,Tor provides anonymity by unlinking identity from activity not privacy by preventing observation of activity content,urn:entity:technology:tor,urn:source:arxiv__comprehensive_survey_wf_attacks,anonymity unlinking identity not privacy,high,Critical distinction,core,,,,
urn:claim:tor__exit_unencrypted_without_https__arxiv_44,SecurityVulnerability,Traffic exiting Tor network is unencrypted unless destination uses HTTPS,urn:entity:technology:tor,urn:source:arxiv__comprehensive_survey_wf_attacks,exit traffic unencrypted unless HTTPS,high,Content exposure risk,core,,,,
urn:claim:tor_browser__standardizes_fingerprint__torproject,SecurityProperty,Tor Browser standardizes fingerprint across all users making them indistinguishable,urn:entity:technology:tor_browser,urn:source:torproject__fingerprinting_protections,standardizes fingerprint across all users,high,Anonymity through uniformity,core,,,,
urn:claim:tor_browser__letterboxing__torproject,TechnicalMechanism,Tor Browser uses letterboxing to standardize window dimensions,urn:entity:technology:tor_browser,urn:source:torproject__fingerprinting_protections,letterboxing standardizes window dimensions,high,Anti-fingerprinting technique,core,,,,
urn:claim:tor_browser__uniform_user_agent__torproject,TechnicalMechanism,Tor Browser reports identical user-agent strings across all instances,urn:entity:technology:tor_browser,urn:source:torproject__fingerprinting_protections,identical user-agent strings all instances,high,Anti-fingerprinting technique,core,,,,
urn:claim:tor_browser__canvas_extraction_blocking__torproject,TechnicalMechanism,Tor Browser blocks canvas extraction for fingerprinting resistance,urn:entity:technology:tor_browser,urn:source:torproject__fingerprinting_protections,blocks canvas extraction,high,Anti-fingerprinting technique,core,,,,
urn:claim:website_fingerprinting__analyzes_encrypted_patterns__arxiv_26,AttackTechnique,Website fingerprinting analyzes encrypted traffic patterns including packet sizes timing and burst patterns,urn:entity:concept:website_fingerprinting,urn:source:arxiv__comprehensive_survey_website_fingerprinting,analyzes packet sizes timing burst patterns,high,Traffic analysis attack,core,,,,
urn:claim:website_fingerprinting__local_observer_identifies_site__sciencedirect_35,AttackTechnique,Local network observer can potentially identify which website Tor user is visiting through traffic pattern analysis,urn:entity:concept:website_fingerprinting,urn:source:sciencedirect__rise_of_website_fingerprinting_tor,local observer can identify website through patterns,medium,Academic research controlled conditions,core,,,,
urn:claim:website_fingerprinting__high_accuracy_controlled__nrl_38,ResearchFinding,Website fingerprinting attacks demonstrate high accuracy under controlled conditions,urn:entity:concept:website_fingerprinting,urn:source:nrl__measurement_genuine_tor_traces,high accuracy under controlled conditions,medium,Real-world effectiveness reduced by variability,core,,,,
urn:claim:website_fingerprinting__reduced_multitab_variability__pets_47,ResearchFinding,Real-world website fingerprinting effectiveness is reduced by multi-tab browsing and network variability,urn:entity:concept:website_fingerprinting,urn:source:petsymposium__improved_open_world_fingerprinting,reduced by multi-tab browsing network variability,medium,Defensive factors,core,,,,
urn:claim:vpn__encrypts_device_to_server__protonvpn,TechnicalProperty,VPN encrypts traffic between user device and VPN server,urn:entity:technology:vpn,urn:source:protonvpn__vpn_myths,encrypts traffic between device and VPN server,high,Fundamental VPN operation,core,,,,
urn:claim:vpn__hides_browsing_from_isp__protonvpn,SecurityProperty,VPN hides browsing destinations from local network operator and ISP,urn:entity:technology:vpn,urn:source:protonvpn__vpn_myths,hides browsing destinations from ISP,high,Traffic destination concealment,core,,,,
urn:claim:vpn__hides_real_ip_from_dest__protonvpn,SecurityProperty,VPN hides user real IP address from destination websites,urn:entity:technology:vpn,urn:source:protonvpn__vpn_myths,hides real IP from destination websites,high,IP address masking,core,,,,
urn:claim:vpn__provider_sees_all_traffic__protonvpn,SecurityLimitation,VPN provider assumes exactly the visibility the ISP previously had,urn:entity:technology:vpn,urn:source:protonvpn__vpn_myths,provider assumes visibility ISP previously had,high,Trust shift not elimination,core,,,,
urn:claim:vpn__isp_sees_vpn_connection__protonvpn,SecurityLimitation,ISP sees VPN-protocol traffic to VPN server IP address,urn:entity:technology:vpn,urn:source:protonvpn__vpn_myths,ISP sees VPN-protocol traffic to server,high,VPN usage visibility,core,,,,
urn:claim:vpn__does_not_hide_metadata__cybaverse,SecurityLimitation,VPN does not hide metadata visible to destination websites including cookies login state and browser fingerprint,urn:entity:technology:vpn,urn:source:cybaverse__vpns_not_as_secure,does not hide cookies login fingerprint,high,Application-layer tracking unaffected,core,,,,
urn:claim:vpn__does_not_protect_endpoint_malware__cybaverse,SecurityLimitation,VPN does not protect against endpoint malware or phishing attacks,urn:entity:technology:vpn,urn:source:cybaverse__vpns_not_as_secure,does not protect malware phishing,high,Endpoint compromise vulnerability,core,,,,
urn:claim:vpn__upstream_netflow_90_days__privacyguides,SecurityLimitation,VPN upstream transit providers may retain NetFlow connection metadata for up to 90 days,urn:entity:technology:vpn,urn:source:privacyguides__psa_vpns_compromise_privacy,upstream providers retain NetFlow metadata 90 days,medium,Independent of VPN no-log policy,core,,,,
urn:claim:vpn__selfhosted_no_anonymity__protonvpn,SecurityLimitation,Self-hosted VPN uses own IP providing no IP-address anonymity,urn:entity:technology:vpn,urn:source:protonvpn__vpn_myths,self-hosted uses own IP no anonymity,high,Hosting provider sees traffic,core,,,,
urn:claim:signal__e2ee_signal_protocol__proton,SecurityProperty,Signal implements end-to-end encryption using Signal Protocol,urn:entity:software:signal,urn:source:proton__is_signal_safe,end-to-end encryption Signal Protocol,high,Content protection,core,,,,
urn:claim:signal__metadata_not_secured__proton,SecurityLimitation,Signal Protocol does not secure metadata so app developers can see who users speak with and when,urn:entity:software:signal,urn:source:proton__is_signal_safe,Protocol does not secure metadata,high,Sender recipient timestamp visibility,core,,,,
urn:claim:signal__sealed_sender_hides_sender__avoidthehack,SecurityProperty,Signal sealed sender hides sender identity from Signal servers for messages between contacts,urn:entity:software:signal,urn:source:avoidthehack__secure_messaging_alternatives,sealed sender hides sender from servers,high,Metadata minimization feature,core,,,,
urn:claim:signal__private_contact_discovery__avoidthehack,SecurityProperty,Signal private contact discovery prevents server from learning contact lists,urn:entity:software:signal,urn:source:avoidthehack__secure_messaging_alternatives,prevents server learning contact lists,high,Metadata minimization feature,core,,,,
urn:claim:signal__minimal_metadata_storage__avoidthehack,SecurityProperty,Signal server stores minimal metadata,urn:entity:software:signal,urn:source:avoidthehack__secure_messaging_alternatives,server stores minimal metadata,high,Data minimization design,core,,,,
urn:claim:signal__centralized_metadata_concentration__dasroot,SecurityLimitation,Signal centralized architecture concentrates metadata in one place if server is compromised or compelled,urn:entity:software:signal,urn:source:dasroot__encrypted_messaging_comparison,centralized concentrates metadata one place,medium,Single point of metadata collection,core,,,,
urn:claim:matrix__federated_homeservers__matrix_org,TechnicalArchitecture,Matrix operates on federated model where messages are replicated across participating homeservers,urn:entity:software:matrix,urn:source:matrix_org__thoughts,federated messages replicated across homeservers,high,Distributed architecture,core,,,,
urn:claim:matrix__homeserver_observes_metadata__anarc,SecurityLimitation,Each Matrix homeserver operator can observe metadata of conversations involving their users,urn:entity:software:matrix,urn:source:anarc_at__matrix_notes,homeserver observes metadata conversations users,high,Federated metadata visibility,core,,,,
urn:claim:matrix__metadata_lags_signal__anarc,SecurityLimitation,Matrix metadata protections lag behind Signal with no equivalent sealed sender or private contact discovery,urn:entity:software:matrix,urn:source:anarc_at__matrix_notes,metadata protections lag Signal,medium,Comparative assessment 2022,core,,,,
urn:claim:email__metadata_visible_e2ee__getmailbird,SecurityLimitation,Email metadata including sender recipient subject and timestamps remains visible even with end-to-end encryption,urn:entity:technology:end_to_end_encryption,urn:source:getmailbird__email_metadata_undermines_privacy,metadata visible even with E2EE,high,Architectural limitation,core,,,,
urn:claim:email__routing_headers_visible__getmailbird,SecurityLimitation,Email routing headers remain visible to every server handling message,urn:entity:technology:end_to_end_encryption,urn:source:getmailbird__email_metadata_undermines_privacy,routing headers visible every server,high,Email protocol fundamental property,core,,,,
urn:claim:protonmail__zero_access_encryption__baizaar,SecurityProperty,ProtonMail uses zero-access encryption where provider cannot decrypt stored messages,urn:entity:software:protonmail,urn:source:baizaar__proton_mail_encrypted_email,zero-access encryption provider cannot decrypt,high,E2EE for stored content,core,,,,
urn:claim:protonmail__subject_different_model__baizaar,SecurityLimitation,ProtonMail subject lines use different encryption model trading full E2EE for searchability,urn:entity:software:protonmail,urn:source:baizaar__proton_mail_encrypted_email,subject different model trades E2EE searchability,medium,Searchability vs privacy tradeoff,core,,,,
urn:claim:protonmail__must_know_recipient__protonmail_uservoice,SecurityLimitation,Email provider must know recipient address to deliver message with no current production-ready way to encrypt routing metadata,urn:entity:software:protonmail,urn:source:protonmail_uservoice__encryption_all_metadata,must know recipient no way encrypt routing,high,Email protocol fundamental constraint,core,,,,
urn:claim:email_aliasing__unique_per_service__simplelogin,SecurityProperty,Email aliasing creates unique forwarding addresses for each service reducing cross-account correlation,urn:entity:software:simplelogin,urn:source:simplelogin__email_forwarding,unique addresses per service reducing correlation,high,Privacy enhancement technique,core,,,,
urn:claim:email_aliasing__contains_breach_impact__avoidthehack,SecurityProperty,Compromised email aliases can be disabled without affecting other accounts,urn:entity:software:simplelogin,urn:source:avoidthehack__email_aliasing,disabled without affecting other accounts,high,Breach containment benefit,core,,,,
urn:claim:email_aliasing__identifies_leak_source__typewire,SecurityProperty,Spam arriving at specific alias immediately identifies source of leak,urn:entity:software:simplelogin,urn:source:typewire__email_alias_service_guide,spam at alias identifies leak source,high,Breach attribution benefit,core,,,,
urn:claim:email_aliasing__service_dependency_risk__avoidthehack,SecurityLimitation,Account recovery emails forwarded through aliasing service may be blocked if service unavailable,urn:entity:software:simplelogin,urn:source:avoidthehack__email_aliasing,recovery blocked if service unavailable,medium,Availability risk,core,,,,
urn:claim:email_aliasing__other_correlation_remains__avoidthehack,SecurityLimitation,Correlation can still occur through other shared identifiers including IP address phone number and payment method,urn:entity:software:simplelogin,urn:source:avoidthehack__email_aliasing,correlation via IP phone payment method,medium,Partial protection only,core,,,,
urn:claim:browser_fingerprinting__device_characteristics__smartframe,AttackTechnique,Browser fingerprinting collects device characteristics including screen resolution installed fonts WebGL renderer canvas rendering timezone language and HTTP headers,urn:entity:concept:browser_fingerprinting,urn:source:smartframe__browser_fingerprinting,collects screen fonts WebGL canvas timezone language,high,Tracking without cookies,core,,,,
urn:claim:browser_fingerprinting__no_user_consent__smartframe,SecurityVulnerability,Browser fingerprinting requires no user consent and leaves no persistent artifacts on device,urn:entity:concept:browser_fingerprinting,urn:source:smartframe__browser_fingerprinting,no consent no persistent artifacts,high,Insidious tracking method,core,,,,
urn:claim:tor_browser__standardizes_against_fingerprinting__freemindtronic,SecurityProperty,Tor Browser mitigates fingerprinting by standardizing fingerprint across all users so all instances report identical values,urn:entity:technology:tor_browser,urn:source:freemindtronic__browser_fingerprinting_tracking,standardizes fingerprint identical values all users,high,Anonymity through uniformity,core,,,,
urn:claim:mullvad__anti_fingerprinting_no_tor__freemindtronic,SecurityProperty,Mullvad Browser applies anti-fingerprinting protections without routing traffic through Tor network,urn:entity:software:mullvad_browser,urn:source:freemindtronic__browser_fingerprinting_tracking,anti-fingerprinting without Tor network,high,Tor collaboration without Tor routing,core,,,,
urn:claim:brave__randomizes_fingerprint__smartframe,SecurityProperty,Brave randomizes fingerprint values rather than standardizing them,urn:entity:software:brave,urn:source:smartframe__browser_fingerprinting,randomizes fingerprint values,medium,Different anti-fingerprinting approach,core,,,,
urn:claim:extensions__increase_uniqueness__torproject,SecurityVulnerability,Browser extensions increase fingerprint uniqueness and can leak data,urn:entity:software:firefox,urn:source:torproject__fingerprinting_protections,extensions increase uniqueness leak data,high,Each extension adds distinguishable behavior,core,,,,
urn:claim:fde__protects_data_at_rest__reddit_104,SecurityProperty,Full-disk encryption protects data at rest when device is physically lost stolen or confiscated,urn:entity:technology:full_disk_encryption,urn:source:reddit_privatepackets__fde_showdown,protects data at rest lost stolen confiscated,high,Last line of defense,core,,,,
urn:claim:fde__no_runtime_protection__reddit_104,SecurityLimitation,Full-disk encryption provides no protection against software-based attacks once device is booted and disk unlocked,urn:entity:technology:full_disk_encryption,urn:source:reddit_privatepackets__fde_showdown,no protection software attacks when booted unlocked,high,Data at rest only,core,,,,
urn:claim:bitlocker__tpm_integration__reddit_104,TechnicalProperty,BitLocker integrates with TPM to release disk encryption keys only after verifying boot integrity,urn:entity:software:bitlocker,urn:source:reddit_privatepackets__fde_showdown,TPM releases keys after verifying boot,high,Hardware-backed key management,core,,,,
urn:claim:filevault__secure_enclave__reddit_104,TechnicalProperty,FileVault uses Secure Enclave for key storage and encryption,urn:entity:software:filevault,urn:source:reddit_privatepackets__fde_showdown,Secure Enclave key storage encryption,high,Apple hardware integration,core,,,,
urn:claim:luks__configurable_multiple_keys__reddit_104,TechnicalProperty,LUKS supports multiple passphrases keyfiles and detached headers,urn:entity:software:luks,urn:source:reddit_privatepackets__fde_showdown,multiple passphrases keyfiles detached headers,high,Flexibility and configurability,core,,,,
urn:claim:qubes__separate_vms_per_domain__wikipedia,TechnicalArchitecture,Qubes OS runs each application domain in separate Xen hypervisor-backed virtual machine,urn:entity:software:qubes_os,urn:source:wikipedia__qubes_os,separate Xen VMs per domain,high,Compartmentalization by virtualization,core,,,,
urn:claim:qubes__compromise_limited_to_vm__hacklabg,SecurityProperty,Browser VM compromise limits attacker access to that VM data only not email file storage or other domains,urn:entity:software:qubes_os,urn:source:hacklabg__qubes_os_security_isolation,compromise limits to VM data only,high,Blast radius containment,core,,,,
urn:claim:qubes__high_degree_malware_protection__hacklabg,SecurityProperty,Qubes compartmentalization strategy offers high degree of protection against malware spread,urn:entity:software:qubes_os,urn:source:hacklabg__qubes_os_security_isolation,high degree protection malware spread,high,Security by isolation,core,,,,
urn:claim:ios__secure_boot_enclave__promon,TechnicalProperty,iOS Secure Boot leverages Secure Enclave for integrity verification,urn:entity:os:ios,urn:source:promon__ios_vs_android_security,Secure Boot leverages Secure Enclave,high,Apple hardware integration,core,,,,
urn:claim:android__avb_verified_boot__promon,TechnicalProperty,Android Verified Boot checks each loaded image against known-good signatures and halts if tampering detected,urn:entity:os:android,urn:source:promon__ios_vs_android_security,checks images halts if tampering,high,Boot chain integrity,core,,,,
urn:claim:ios_android__no_clear_security_advantage_2025__promon,ComparativeClaim,In 2025 neither iOS nor Android has clear security advantage at platform level both implementing verified boot hardware-backed encryption and application sandboxing,urn:entity:os:ios,urn:source:promon__ios_vs_android_security,neither clear advantage 2025 both implement protections,medium,Platform-level assessment,core,,,,
urn:claim:ios__simultaneous_patch_delivery__promon,SecurityProperty,Apple controls full stack and delivers patches simultaneously to all supported devices,urn:entity:os:ios,urn:source:promon__ios_vs_android_security,delivers patches simultaneously all supported,high,Update delivery advantage,core,,,,
urn:claim:android__update_depends_oem_carrier__promon,SecurityLimitation,Android update timeline depends heavily on OEM and carrier,urn:entity:os:android,urn:source:promon__ios_vs_android_security,update depends on OEM carrier,high,Update delivery disadvantage,core,,,,
urn:claim:trustzone__hardware_partitioned_secure__reddit_58,TechnicalProperty,ARM TrustZone creates hardware-partitioned secure and non-secure execution environments,urn:entity:hardware:trustzone,urn:source:reddit_tech_philippines__android_ios_security,hardware-partitioned secure non-secure environments,high,ARM isolation technology,core,,,,
urn:claim:password_manager__concentrates_risk_single_vault__dev74,SecurityModel,Password managers concentrate risk into single well-protected vault rather than distributing across many weak reused passwords,urn:entity:concept:mfa,urn:source:dev74__password_manager_comparison_2025,concentrates risk single vault,high,Risk concentration tradeoff,core,,,,
urn:claim:password_manager__vault_strongest_credential__dev74,SecurityPrinciple,Password manager vault master password should be strongest credential in entire digital life,urn:entity:concept:mfa,urn:source:dev74__password_manager_comparison_2025,master password strongest credential,high,4+ random words minimum 60 bits entropy,core,,,,
urn:claim:cloud_password_manager__zero_knowledge__dev74,SecurityProperty,Reputable cloud-based password managers employ zero-knowledge encryption where server never holds decryption key,urn:entity:software:bitwarden,urn:source:dev74__password_manager_comparison_2025,zero-knowledge server never holds key,high,Trust model consideration,core,,,,
urn:claim:password_manager__second_factor_recommended__dev74,SecurityPrinciple,Password manager vault should be protected by second factor TOTP minimum hardware key preferred,urn:entity:concept:mfa,urn:source:dev74__password_manager_comparison_2025,second factor TOTP minimum hardware preferred,high,Vault hardening,core,,,,
urn:claim:mfa__single_most_impactful_control__figshare,SecurityPrinciple,MFA is single most impactful control against credential-based attacks,urn:entity:concept:mfa,urn:source:figshare__mfa_recovery_evaluation,single most impactful control credential attacks,high,Defensive effectiveness,core,,,,
urn:claim:sms_otp__no_phishing_resistance__nist,SecurityLimitation,SMS OTP has no phishing resistance as code can be entered on phishing site,urn:entity:technology:sms_otp,urn:source:nist__sp_800_63b_4_pdf,no phishing resistance code enters phishing,high,NIST AAL1 only,core,,,,
urn:claim:sms_otp__high_interception_risk__keepnetlabs,SecurityVulnerability,SMS OTP has high interception risk via SIM swap and SS7 interception,urn:entity:technology:sms_otp,urn:source:keepnetlabs__sim_swap_fraud_2025,high interception SIM swap SS7,high,Multiple attack vectors,core,,,,
urn:claim:totp__no_phishing_resistance__nist,SecurityLimitation,TOTP has no phishing resistance as code can be entered on phishing site,urn:entity:technology:totp,urn:source:nist__sp_800_63b_4_pdf,no phishing resistance code enters phishing,high,Not cryptographically bound,core,,,,
urn:claim:totp__low_interception_risk__nist,SecurityProperty,TOTP has low interception risk due to local generation,urn:entity:technology:totp,urn:source:nist__sp_800_63b_4_pdf,low interception local generation,high,App-based security,core,,,,
urn:claim:fido2__strong_phishing_resistance__nist,SecurityProperty,FIDO2 security key has strong phishing resistance cryptographically bound to origin,urn:entity:technology:fido2,urn:source:nist__sp_800_63b_4_pdf,strong phishing resistance bound to origin,high,Cryptographic origin verification,core,,,,
urn:claim:fido2__negligible_interception_risk__nist,SecurityProperty,FIDO2 has negligible interception risk,urn:entity:technology:fido2,urn:source:nist__sp_800_63b_4_pdf,negligible interception risk,high,Hardware-based authentication,core,,,,
urn:claim:passkey__strong_phishing_resistance__nist,SecurityProperty,Passkeys have strong phishing resistance as origin-bound synced FIDO2,urn:entity:technology:passkey,urn:source:nist__sp_800_63b_4_pdf,strong phishing resistance origin-bound,high,Platform-synced FIDO2,core,,,,
urn:claim:passkey__cloud_sync_exposure__nist,SecurityLimitation,Passkeys have low interception risk with cloud sync exposure consideration,urn:entity:technology:passkey,urn:source:nist__sp_800_63b_4_pdf,low risk cloud sync exposure,medium,Platform sync dependency,core,,,,
urn:claim:recovery__often_weakest_link__figshare,SecurityVulnerability,Account recovery is frequently weakest link in authentication chain,urn:entity:concept:mfa,urn:source:figshare__mfa_recovery_evaluation,recovery frequently weakest link,high,Research finding,core,,,,
urn:claim:recovery__bypasses_strong_primary__figshare,SecurityVulnerability,Recovery mechanisms often sacrifice security gains of strong primary authentication,urn:entity:concept:mfa,urn:source:figshare__mfa_recovery_evaluation,recovery sacrifices strong primary authentication,high,Alternate attack path,core,,,,
urn:claim:recovery__sms_email_bypass_fido2__figshare,SecurityVulnerability,Recovery channel accepting SMS or email link bypasses FIDO2 keys entirely,urn:entity:concept:mfa,urn:source:figshare__mfa_recovery_evaluation,SMS email bypasses FIDO2 entirely,high,Recovery channel attack vector,core,,,,
urn:claim:bitcoin__transparent_permanent_ledger__securitiesanalytics,TechnicalProperty,Bitcoin operates on transparent permanent publicly auditable ledger,urn:entity:cryptocurrency:bitcoin,urn:source:securitiesanalytics__cryptocurrency_traceability,transparent permanent publicly auditable,high,Fundamental blockchain property,core,,,,
urn:claim:bitcoin__pseudonymous_not_anonymous__securitiesanalytics,FundamentalPrinciple,Bitcoin wallet addresses are pseudonymous not directly linked to real-world identity but not anonymous,urn:entity:cryptocurrency:bitcoin,urn:source:securitiesanalytics__cryptocurrency_traceability,pseudonymous not anonymous,high,Common misconception,core,,,,
urn:claim:blockchain_analytics__trace_cluster_link__securitiesanalytics,TechnicalCapability,Blockchain analytics firms trace transaction flows cluster related addresses and link pseudonymous activity to identified individuals,urn:entity:cryptocurrency:bitcoin,urn:source:securitiesanalytics__cryptocurrency_traceability,trace cluster link to individuals,high,Multiple firms provide tools,core,,,,
urn:claim:blockchain_analytics__exchange_kyc_links__mckinsey,TechnicalCapability,Blockchain analytics links pseudonymous addresses to identity through exchange KYC data behavioral patterns and public information,urn:entity:cryptocurrency:bitcoin,urn:source:mckinsey__stablecoins_payments_infrastructure,links via exchange KYC behavioral patterns,high,Identity attribution method,core,,,,
urn:claim:monero__ring_signatures_stealth__trmlabs,TechnicalProperty,Monero implements ring signatures stealth addresses and confidential transactions obscuring sender receiver and amount by default,urn:entity:cryptocurrency:monero,urn:source:trmlabs__monero_traceability,ring signatures stealth obscure sender receiver amount,high,Privacy by default design,core,,,,
urn:claim:monero__not_provably_untraceable__trmlabs,SecurityLimitation,Monero is not provably untraceable with researchers identifying heuristics reducing anonymity set in certain scenarios,urn:entity:cryptocurrency:monero,urn:source:trmlabs__monero_traceability,not provably untraceable heuristics reduce anonymity,medium,TRM research findings,core,,,,
urn:claim:monero__law_enforcement_infrastructure_analysis__bithide,ThreatCapability,Law enforcement achieved arrests using infrastructure-level analysis and off-chain metadata when on-chain tracing proved difficult,urn:entity:cryptocurrency:monero,urn:source:bithide__tracking_privacy_coins,arrests infrastructure off-chain metadata,medium,Circumventing on-chain privacy,core,,,,
urn:claim:monero__improved_over_time__getmonero,TechnicalEvolution,Monero privacy model has improved significantly with increased ring size and protocol upgrades addressing earlier heuristics,urn:entity:cryptocurrency:monero,urn:source:getmonero__traceability_response,improved ring size protocol upgrades,high,Ongoing development,core,,,,
urn:claim:cbdc__government_transaction_visibility__imf,PolicyImplication,CBDC design may provide government access to full transaction data,urn:entity:concept:cbdc,urn:source:imf__cbdc_data_privacy,government access full transaction data,medium,Design-dependent privacy property,core,,,,
urn:claim:cash__low_digital_traceability__privacyguides,SecurityProperty,Cash has low traceability with no digital trail for small amounts,urn:entity:concept:privacy,urn:source:privacyguides__private_payments,low traceability no digital trail small,high,Physical payment privacy,core,,,,
urn:claim:cash__reporting_above_threshold__privacyguides,LegalRequirement,Cash transactions above specified thresholds require reporting such as above 10000 USD in US,urn:entity:concept:privacy,urn:source:privacyguides__private_payments,reporting above 10000 USD US,high,US regulatory requirement,core,,,,
urn:claim:virtual_cards__issuer_sees_all__juniperresearch,SecurityLimitation,Virtual card issuer has full visibility of all transactions,urn:entity:concept:privacy,urn:source:juniperresearch__virtual_cards_vs_physical,issuer full visibility all transactions,high,Centralized transaction data,core,,,,
urn:claim:virtual_cards__kyc_required__juniperresearch,LegalRequirement,Virtual cards require KYC identity verification,urn:entity:concept:privacy,urn:source:juniperresearch__virtual_cards_vs_physical,require KYC identity verification,high,Regulatory compliance,core,,,,
urn:claim:prepaid__purchase_tracked__privacyguides,SecurityLimitation,Prepaid and gift card purchases may be tracked if bought with credit card,urn:entity:concept:privacy,urn:source:privacyguides__private_payments,purchase tracked if bought with card,medium,Purchase-time correlation,core,,,,
urn:claim:odoh__separates_ip_from_query__rfc_9230,SecurityProperty,Oblivious DoH separates client IP address from query content via proxy,urn:entity:technology:oblivious_doh,urn:source:rfc_editor__rfc_9230,separates client IP from query via proxy,high,RFC 9230 standard,core,,,,
urn:claim:odoh__requires_proxy_infrastructure__rfc_9230,DeploymentRequirement,ODoH requires proxy infrastructure and adds latency,urn:entity:technology:oblivious_doh,urn:source:rfc_editor__rfc_9230,requires proxy infrastructure adds latency,high,Deployment complexity,core,,,,
urn:claim:global__privacy_layered_interdependent__report,FundamentalPrinciple,Privacy is layered and interdependent with each technology solving specific problem within specific threat model,urn:entity:concept:privacy,urn:source:nist__sp_800_63b_4_pdf,privacy layered interdependent specific problems,high,Core report insight,core,,,,
urn:claim:global__no_single_tool_comprehensive__report,FundamentalPrinciple,No single tool provides comprehensive protection across all risk categories,urn:entity:concept:privacy,urn:source:protonvpn__vpn_myths,no single tool comprehensive protection,high,Defense in depth requirement,core,,,,
urn:claim:global__strong_password_meaningless_sms_recovery__report,SecurityVulnerability,Strong password means little if recovery channel relies on SMS vulnerable to SIM-swap attacks,urn:entity:concept:mfa,urn:source:thomsonreuters__sim_swap_fraud_threat,strong password meaningless if SMS recovery,high,Weakest link principle,core,,,,
urn:claim:global__encrypted_dns_no_benefit_plaintext_sni__report,SecurityVulnerability,Encrypted DNS queries provide no benefit if SNI field in TLS handshakes leaks destination hostname in plaintext,urn:entity:technology:dns_over_https,urn:source:mozilla__encrypted_client_hello,encrypted DNS no benefit if SNI plaintext,high,Layering dependency,core,,,,
urn:claim:global__vpn_shifts_trust_not_eliminates__report,FundamentalPrinciple,VPN shifts trust from ISP to VPN provider and does not eliminate need for trust,urn:entity:technology:vpn,urn:source:protonvpn__vpn_myths,VPN shifts trust not eliminates,high,Trust model understanding,core,,,,
urn:claim:global__endpoint_compromise_defeats_network__report,FundamentalPrinciple,All network-layer privacy measures are defeated if endpoint device is compromised,urn:entity:concept:privacy,urn:source:wikipedia__qubes_os,endpoint compromise defeats network protections,high,Fundamental security principle,core,,,,
urn:claim:global__privacy_requires_program_not_product__report,FundamentalPrinciple,Effective privacy requires deliberate layering of complementary controls driven by honest adversary assessment,urn:entity:concept:privacy,urn:source:nist__sp_800_63b_4_pdf,privacy requires program not product,high,Key takeaway for decision-makers,core,,,,
urn:claim:global__threat_model_drives_recommendations__report,MethodologyPrinciple,Technology recommendations must be driven by explicit threat model identifying adversary capabilities,urn:entity:concept:privacy,urn:source:nist__sp_800_63b_4_pdf,threat model drives recommendations,high,Report methodology,core,,,,
urn:claim:adversary__opportunistic_credential_stuffing__report,AdversaryCapability,Opportunistic criminals use credential stuffing phishing SIM swap and commodity malware,urn:entity:attack:credential_stuffing,urn:source:keepnetlabs__sim_swap_fraud_2025,credential stuffing phishing SIM swap malware,high,Adversary classification,core,,,,
urn:claim:adversary__targeted_social_engineering__report,AdversaryCapability,Targeted criminals and stalkers use social engineering device compromise OSINT and physical surveillance,urn:entity:attack:phishing,urn:source:keepnetlabs__sim_swap_fraud_2025,social engineering device OSINT surveillance,high,Adversary classification,core,,,,
urn:claim:adversary__data_broker_cross_site_tracking__report,AdversaryCapability,Data brokers and advertisers use cross-site tracking fingerprinting purchase correlation and data aggregation,urn:entity:concept:browser_fingerprinting,urn:source:smartframe__browser_fingerprinting,cross-site tracking fingerprinting aggregation,high,Adversary classification,core,,,,
urn:claim:adversary__isp_traffic_visibility_dpi__report,AdversaryCapability,ISP and enterprise networks have full traffic visibility including DNS IP timing and DPI capability,urn:entity:technology:vpn,urn:source:ietf__rfc_9076_dns_privacy,traffic visibility DNS IP timing DPI,high,Adversary classification,core,,,,
urn:claim:adversary__nation_state_endpoint_correlation__report,AdversaryCapability,Nation-state targeted adversaries use endpoint compromise traffic correlation lawful provider access and zero-day exploitation,urn:entity:attack:traffic_analysis,urn:source:arxiv__comprehensive_survey_website_fingerprinting,endpoint compromise traffic correlation zero-day,high,Adversary classification highest capability,core,,,,
urn:claim:metadata__sender_recipient_timestamp__report,DataCategory,Communication metadata includes sender recipient identifiers timestamps frequency message sizes and IP addresses,urn:entity:concept:metadata,urn:source:getmailbird__email_metadata_undermines_privacy,sender recipient timestamp frequency size IP,high,Asset inventory,core,,,,
urn:claim:metadata__more_revealing_than_content__report,AnalysisFinding,Metadata is often more revealing than content showing who communicates with whom when from where and how often,urn:entity:concept:metadata,urn:source:proton__is_signal_safe,metadata more revealing than content,high,Intelligence assessment,core,,,,
urn:claim:e2ee__protects_content_not_metadata__report,FundamentalPrinciple,End-to-end encryption protects message content but leaves metadata exposed,urn:entity:technology:end_to_end_encryption,urn:source:getmailbird__email_metadata_undermines_privacy,E2EE protects content not metadata,high,Encryption scope limitation,core,,,,
urn:claim:identity_takeover__recovery_primary_vector__report,ThreatAnalysis,Authentication recovery is now primary attack vector not password guessing demonstrated by 240% SIM-swap surge,urn:entity:concept:sim_swap,urn:source:thomsonreuters__sim_swap_fraud_threat,recovery primary vector 240% surge,high,2024 threat landscape,core,,,,
urn:claim:network_surveillance__dns_plaintext_exposes__report,SecurityVulnerability,DNS queries traditionally sent in plaintext expose browsing patterns to any on-path observer,urn:entity:technology:dns_over_https,urn:source:ietf__rfc_9076_dns_privacy,DNS plaintext exposes browsing to observer,high,Network surveillance vector,core,,,,
urn:claim:network_surveillance__ip_timing_always_observable__report,SecurityLimitation,IP addresses and traffic timing patterns remain observable even with encrypted DNS,urn:entity:technology:dns_over_https,urn:source:arxiv__domain_name_encryption_privacy,IP timing observable even encrypted DNS,high,Residual visibility,core,,,,
urn:claim:network_surveillance__encrypted_traffic_not_immune__report,ThreatCapability,Encrypted anonymized traffic not immune to traffic analysis with researchers achieving high website fingerprinting accuracy,urn:entity:concept:website_fingerprinting,urn:source:arxiv__comprehensive_survey_website_fingerprinting,encrypted not immune high accuracy achieved,medium,Traffic analysis research,core,,,,
urn:claim:payment_tracing__traditional_full_visibility__report,SecurityProperty,Traditional payment methods provide full transaction visibility to financial institutions and via subpoena to government,urn:entity:concept:privacy,urn:source:privacyguides__private_payments,traditional full visibility institutions government,high,Financial surveillance,core,,,,
urn:claim:payment_tracing__bitcoin_pseudonymous_traceable__report,FundamentalPrinciple,Cryptocurrency transactions on transparent blockchains like Bitcoin are pseudonymous not anonymous and traceable via analytics,urn:entity:cryptocurrency:bitcoin,urn:source:securitiesanalytics__cryptocurrency_traceability,Bitcoin pseudonymous not anonymous traceable,high,Common misconception,core,,,,
urn:claim:payment_tracing__blockchain_analytics_identify__report,TechnicalCapability,Blockchain analytics combined with exchange KYC data can identify participants in pseudonymous transactions,urn:entity:cryptocurrency:bitcoin,urn:source:securitiesanalytics__cryptocurrency_traceability,analytics plus KYC identify participants,high,Deanonymization technique,core,,,,
urn:claim:payment_tracing__monero_resistant_not_provably_untraceable__report,TechnicalProperty,Privacy-focused cryptocurrencies like Monero are significantly more resistant to tracing but not provably untraceable under all conditions,urn:entity:cryptocurrency:monero,urn:source:trmlabs__monero_traceability,Monero resistant not provably untraceable,medium,Privacy coin limitation,core,,,,
urn:claim:verification__dns_leak_test__report,VerificationMethod,DNS leak test services confirm queries go to expected resolver and not leaking to ISP default,urn:entity:technology:dns_over_https,urn:source:level1techs__dns_over_https_rfc_8484,leak test confirms expected resolver,high,Network verification step,core,,,,
urn:claim:verification__vpn_public_ip_check__report,VerificationMethod,VPN connection verified by checking public IP address shown by external services,urn:entity:technology:vpn,urn:source:protonvpn__vpn_myths,verified by public IP external services,high,Network verification step,core,,,,
urn:claim:verification__webrtc_ip_leak_test__report,VerificationMethod,Browser WebRTC IP leaks can be tested to verify VPN protection,urn:entity:technology:vpn,urn:source:cybaverse__vpns_not_as_secure,test WebRTC leaks verify VPN,high,Browser-specific vulnerability,core,,,,
urn:claim:verification__e2ee_safety_numbers__report,VerificationMethod,End-to-end encryption verified via safety numbers or security codes in Signal and key verification in Matrix,urn:entity:software:signal,urn:source:avoidthehack__secure_messaging_alternatives,verified via safety numbers key verification,high,Communication verification step,core,,,,
urn:claim:usability__every_control_imposes_cost__report,DesignPrinciple,Every privacy control imposes usability cost requiring physical possession discipline trust or complexity,urn:entity:technology:fido2,urn:source:figshare__mfa_recovery_evaluation,every control imposes usability cost,high,Design tradeoff,core,,,,
urn:claim:usability__most_common_failure_abandonment__report,DesignPrinciple,Most common failure mode in privacy programs is abandonment due to friction,urn:entity:concept:privacy,urn:source:dev74__password_manager_comparison_2025,common failure abandonment due friction,high,Implementation risk,core,,,,
urn:claim:usability__slightly_less_secure_consistently_used__report,DesignPrinciple,Slightly less secure system consistently used provides more protection than theoretically superior system abandoned,urn:entity:concept:privacy,urn:source:dev74__password_manager_comparison_2025,less secure consistent beats superior abandoned,high,Practical effectiveness principle,core,,,,
urn:claim:trust__no_tool_eliminates_trust__report,FundamentalPrinciple,No privacy tool eliminates trust each shifts it from one party to another,urn:entity:technology:vpn,urn:source:protonvpn__vpn_myths,no tool eliminates trust shifts it,high,Trust model fundamental,core,,,,
urn:claim:trust__e2ee_email_shifts_content_to_metadata__report,TrustShift,E2EE email provider shifts trust from content plane where provider cannot read to metadata plane where provider sees who contacts whom,urn:entity:software:protonmail,urn:source:baizaar__proton_mail_encrypted_email,shifts content to metadata plane,high,Trust redistribution,core,,,,
urn:claim:trust__tor_distributes_not_eliminates__report,TrustShift,Tor distributes trust rather than eliminates it depending on assumption no entity controls enough relays for correlation,urn:entity:technology:tor,urn:source:arxiv__comprehensive_survey_wf_attacks,distributes not eliminates trust,high,Distributed trust model,core,,,,
urn:claim:false_anonymity__vpn_with_google_login__report,SecurityMisconception,Using VPN while logged into Google accounts does not provide anonymity as Google still sees all activity,urn:entity:technology:vpn,urn:source:protonvpn__vpn_myths,VPN with Google login no anonymity,high,Common mistake,core,,,,
urn:claim:false_anonymity__tor_personal_accounts__report,SecurityMisconception,Using Tor to access personal accounts de-anonymizes the session,urn:entity:technology:tor,urn:source:arxiv__comprehensive_survey_wf_attacks,Tor personal accounts de-anonymizes,high,Critical operational error,core,,,,
urn:claim:false_anonymity__encrypted_email_shared_phone__report,SecurityMisconception,Using encrypted email while sharing same phone number across accounts allows phone number as correlation key,urn:entity:software:protonmail,urn:source:avoidthehack__email_aliasing,encrypted email shared phone correlates,high,Metadata correlation vector,core,,,,
urn:claim:false_anonymity__privacy_coin_kyc_exchange__report,SecurityMisconception,Privacy-focused cryptocurrency purchased through KYC exchange has exchange link defeating on-chain privacy,urn:entity:cryptocurrency:monero,urn:source:securitiesanalytics__cryptocurrency_traceability,privacy coin KYC exchange defeats privacy,high,Off-chain linkage,core,,,,
urn:claim:legal__tools_operate_within_frameworks__report,LegalContext,Privacy tools operate within legal frameworks varying dramatically by jurisdiction,urn:entity:technology:vpn,urn:source:ndss__comparative_study_vpn_perceptions,tools operate within legal frameworks,high,Jurisdictional variability,core,,,,
urn:claim:legal__some_countries_restrict_vpn__report,LegalConstraint,Some countries restrict VPN usage regulate or ban cryptocurrency or compel decryption,urn:entity:technology:vpn,urn:source:ndss__comparative_study_vpn_perceptions,countries restrict VPN ban crypto compel,medium,Jurisdictional restrictions,core,,,,
urn:claim:legal__assumptions_lawful_jurisdiction__report,ReportScope,Report recommendations assume jurisdiction where described privacy measures are lawful,urn:entity:concept:privacy,urn:source:privacyguides__private_payments,assumes jurisdiction measures lawful,high,Report scope limitation,core,,,,
urn:claim:dual_use__same_tools_protect_conceal__report,EthicalContext,Privacy technologies are inherently dual-use protecting journalists and concealing criminal activity,urn:entity:technology:tor,urn:source:arxiv__comprehensive_survey_wf_attacks,dual-use protect journalists conceal criminal,high,Ethical tension acknowledgment,core,,,,
urn:claim:dual_use__principle_not_operational__report,ReportApproach,Report provides principle-level guidance rather than step-by-step operational procedures,urn:entity:technology:tor,urn:source:nist__sp_800_63b_4_pdf,principle not operational procedures,high,Non-operational boundary,core,,,,
urn:claim:dual_use__discusses_limitations_honestly__report,ReportApproach,Report discusses limitations honestly stating no tool provides absolute anonymity,urn:entity:technology:tor,urn:source:arxiv__comprehensive_survey_wf_attacks,discusses limitations no absolute anonymity,high,Honest assessment principle,core,,,,
urn:claim:baseline__password_manager_unique__report,BaselineControl,Baseline privacy tier uses password manager with unique passwords per site,urn:entity:concept:mfa,urn:source:dev74__password_manager_comparison_2025,password manager unique per site,high,30-day implementation plan,core,,,,
urn:claim:baseline__totp_authenticator__report,BaselineControl,Baseline privacy tier uses TOTP authenticator app for MFA,urn:entity:technology:totp,urn:source:nist__sp_800_63b_4_pdf,TOTP authenticator app,high,30-day implementation plan,core,,,,
urn:claim:baseline__fde_enabled__report,BaselineControl,Baseline privacy tier enables full disk encryption on all devices,urn:entity:technology:full_disk_encryption,urn:source:reddit_privatepackets__fde_showdown,FDE on all devices,high,30-day implementation plan,core,,,,
urn:claim:baseline__doh_browser_os__report,BaselineControl,Baseline privacy tier configures DoH via browser or OS,urn:entity:technology:dns_over_https,urn:source:level1techs__dns_over_https_rfc_8484,DoH via browser or OS,high,30-day implementation plan,core,,,,
urn:claim:strong__fido2_primary_totp_backup__report,StrongControl,Strong privacy tier uses FIDO2 security key as primary with TOTP as backup,urn:entity:technology:fido2,urn:source:yubico__nist_sp_800_63_4,FIDO2 primary TOTP backup,high,90-day implementation plan,core,,,,
urn:claim:strong__backup_fido2_offline__report,StrongControl,Strong privacy tier stores backup FIDO2 key offline,urn:entity:technology:fido2,urn:source:figshare__mfa_recovery_evaluation,backup FIDO2 offline,high,90-day implementation plan,core,,,,
urn:claim:strong__e2ee_provider_unique_aliases__report,StrongControl,Strong privacy tier uses E2EE email provider with unique alias per service,urn:entity:software:protonmail,urn:source:simplelogin__email_forwarding,E2EE provider unique alias per service,high,90-day implementation plan,core,,,,
urn:claim:strong__audited_vpn_always_on__report,StrongControl,Strong privacy tier uses trusted audited no-log VPN always-on,urn:entity:technology:vpn,urn:source:protonvpn__vpn_myths,audited no-log VPN always-on,high,90-day implementation plan,core,,,,
urn:claim:high_risk__multiple_fido2_no_fallback__report,HighRiskControl,High-risk privacy tier uses multiple FIDO2 keys with no SMS or TOTP fallback,urn:entity:technology:fido2,urn:source:yubico__nist_sp_800_63_4,multiple FIDO2 no SMS TOTP,high,Adversary-resistant tier,core,,,,
urn:claim:high_risk__qubes_compartmentalization__report,HighRiskControl,High-risk privacy tier uses Qubes OS or equivalent compartmentalization,urn:entity:software:qubes_os,urn:source:wikipedia__qubes_os,Qubes or equivalent compartmentalization,high,Adversary-resistant tier,core,,,,
urn:claim:high_risk__tor_browser_sensitive__report,HighRiskControl,High-risk privacy tier uses Tor Browser for sensitive activities,urn:entity:technology:tor_browser,urn:source:torproject__fingerprinting_protections,Tor Browser sensitive activities,high,Adversary-resistant tier,core,,,,
urn:claim:high_risk__compartmented_personas__report,HighRiskControl,High-risk privacy tier uses compartmented identities with multiple providers,urn:entity:software:signal,urn:source:dasroot__encrypted_messaging_comparison,compartmented identities multiple providers,high,Adversary-resistant tier,core,,,,
urn:claim:roadmap__30_day_mfa_top_20__report,ImplementationGuidance,30-day roadmap week 1 deploys password manager generates unique passwords for top 20 accounts and enables MFA on critical accounts,urn:entity:concept:mfa,urn:source:dev74__password_manager_comparison_2025,week 1 manager MFA top 20,high,Phased implementation,core,,,,
urn:claim:roadmap__30_day_fde_updates__report,ImplementationGuidance,30-day roadmap week 2 enables FDE on all devices and configures automatic OS updates,urn:entity:technology:full_disk_encryption,urn:source:reddit_privatepackets__fde_showdown,week 2 FDE automatic updates,high,Phased implementation,core,,,,
urn:claim:roadmap__30_day_encrypted_dns__report,ImplementationGuidance,30-day roadmap week 3 switches to encrypted DNS and installs privacy browser,urn:entity:technology:dns_over_https,urn:source:level1techs__dns_over_https_rfc_8484,week 3 encrypted DNS privacy browser,high,Phased implementation,core,,,,
urn:claim:roadmap__30_day_email_aliasing__report,ImplementationGuidance,30-day roadmap week 4 sets up email aliasing for new registrations and reviews recovery options,urn:entity:software:simplelogin,urn:source:simplelogin__email_forwarding,week 4 aliasing review recovery,high,Phased implementation,core,,,,
urn:claim:roadmap__90_day_fido2_acquisition__report,ImplementationGuidance,90-day roadmap month 2 acquires and registers FIDO2 security keys for critical accounts,urn:entity:technology:fido2,urn:source:yubico__nist_sp_800_63_4,month 2 FIDO2 acquisition registration,high,Phased implementation,core,,,,
urn:claim:roadmap__90_day_vpn_e2ee_email__report,ImplementationGuidance,90-day roadmap month 2 deploys VPN for daily use and migrates to E2EE email provider,urn:entity:technology:vpn,urn:source:protonvpn__vpn_myths,month 2 VPN E2EE migration,high,Phased implementation,core,,,,
urn:claim:roadmap__90_day_harden_backup__report,ImplementationGuidance,90-day roadmap month 3 hardens device configurations and establishes secure tested backup procedures,urn:entity:technology:full_disk_encryption,urn:source:reddit_privatepackets__fde_showdown,month 3 harden backup tested,high,Phased implementation,core,,,,
urn:claim:maintenance__monthly_review__report,OngoingRequirement,Ongoing maintenance includes monthly review of password manager for weak credentials verify MFA enrollment and check updates,urn:entity:concept:mfa,urn:source:dev74__password_manager_comparison_2025,monthly review credentials MFA updates,high,Continuous improvement,core,,,,
urn:claim:maintenance__quarterly_backup_test__report,OngoingRequirement,Ongoing maintenance includes quarterly backup restoration test and account inventory review,urn:entity:technology:full_disk_encryption,urn:source:reddit_privatepackets__fde_showdown,quarterly backup test inventory,high,Continuous improvement,core,,,,
urn:claim:maintenance__annual_threat_model__report,OngoingRequirement,Ongoing maintenance includes annual threat model update if circumstances change,urn:entity:concept:privacy,urn:source:nist__sp_800_63b_4_pdf,annual threat model update,high,Continuous improvement,core,,,,
urn:claim:failure__password_reuse__report,FailureMode,Password reuse failure mode results in single breach compromising all accounts using that password,urn:entity:attack:credential_stuffing,urn:source:dev74__password_manager_comparison_2025,reuse single breach all accounts,high,Common failure pattern,core,,,,
urn:claim:failure__sms_recovery_bypass__report,FailureMode,SMS recovery bypass failure mode allows account takeover via SIM-swap despite strong primary authentication,urn:entity:concept:sim_swap,urn:source:thomsonreuters__sim_swap_fraud_threat,SIM-swap bypasses strong primary,high,Common failure pattern,core,,,,
urn:claim:failure__vpn_kill_switch_failure__report,FailureMode,VPN kill switch failure results in real IP and DNS queries leaking to ISP on disconnect,urn:entity:technology:vpn,urn:source:protonvpn__vpn_myths,kill switch failure leaks IP DNS,high,Common failure pattern,core,,,,
urn:claim:failure__dns_leak__report,FailureMode,DNS leak failure mode exposes browsing destinations to ISP despite VPN or DoH,urn:entity:technology:dns_over_https,urn:source:level1techs__dns_over_https_rfc_8484,DNS leak exposes destinations,high,Common failure pattern,core,,,,
urn:claim:failure__browser_fingerprint_uniqueness__report,FailureMode,Browser fingerprint uniqueness from extensions or settings enables tracking across sites without cookies,urn:entity:concept:browser_fingerprinting,urn:source:smartframe__browser_fingerprinting,unique fingerprint enables tracking,high,Common failure pattern,core,,,,
urn:claim:failure__tor_personal_login__report,FailureMode,Tor with personal login failure mode links Tor session to real identity,urn:entity:technology:tor,urn:source:arxiv__comprehensive_survey_wf_attacks,Tor personal login links identity,high,Common failure pattern,core,,,,
urn:claim:failure__encrypted_email_metadata_exposure__report,FailureMode,Encrypted email metadata exposure failure shows communication patterns visible to provider and network,urn:entity:software:protonmail,urn:source:getmailbird__email_metadata_undermines_privacy,E2EE email metadata visible,high,Common failure pattern,core,,,,
urn:claim:failure__crypto_kyc_linkage__report,FailureMode,Cryptocurrency KYC linkage failure mode links real identity to wallet via exchange records,urn:entity:cryptocurrency:bitcoin,urn:source:securitiesanalytics__cryptocurrency_traceability,KYC links identity to wallet,high,Common failure pattern,core,,,,
urn:claim:failure__recovery_key_loss__report,FailureMode,Recovery key loss failure mode results in permanent lockout from encrypted accounts and devices,urn:entity:technology:full_disk_encryption,urn:source:reddit_privatepackets__fde_showdown,key loss permanent lockout,high,Common failure pattern,core,,,,
urn:claim:failure__update_neglect__report,FailureMode,Update neglect failure mode leaves known vulnerabilities exploitable,urn:entity:os:windows,urn:source:promon__ios_vs_android_security,neglect leaves vulnerabilities exploitable,high,Common failure pattern,core,,,,
urn:claim:failure__alias_service_outage__report,FailureMode,Alias service outage failure mode makes account recovery emails undeliverable causing potential lockout,urn:entity:software:simplelogin,urn:source:avoidthehack__email_aliasing,outage undeliverable recovery lockout,medium,Common failure pattern,core,,,,
urn:claim:failure__ech_not_deployed__report,FailureMode,ECH not deployed failure mode results in SNI leaking destination hostname despite encrypted DNS,urn:entity:technology:encrypted_client_hello,urn:source:mozilla__encrypted_client_hello,no ECH SNI leaks hostname,medium,Common failure pattern,core,,,,
urn:claim:mitigation__password_manager_unique__report,MitigationControl,Password reuse mitigation uses password manager with unique passwords per service,urn:entity:concept:mfa,urn:source:dev74__password_manager_comparison_2025,mitigation unique per service,high,Mitigation mapping,core,,,,
urn:claim:mitigation__disable_sms_recovery__report,MitigationControl,SMS recovery bypass mitigation disables SMS recovery and uses FIDO2 backup keys,urn:entity:technology:fido2,urn:source:figshare__mfa_recovery_evaluation,mitigation disable SMS FIDO2 backup,high,Mitigation mapping,core,,,,
urn:claim:mitigation__enable_kill_switch__report,MitigationControl,VPN kill switch failure mitigation enables kill switch and verifies with leak tests,urn:entity:technology:vpn,urn:source:protonvpn__vpn_myths,mitigation enable verify leak tests,high,Mitigation mapping,core,,,,
urn:claim:mitigation__dns_leak_testing__report,MitigationControl,DNS leak mitigation uses DNS leak testing and configures OS-level DNS settings,urn:entity:technology:dns_over_https,urn:source:level1techs__dns_over_https_rfc_8484,mitigation leak testing OS-level,high,Mitigation mapping,core,,,,
urn:claim:mitigation__minimize_extensions__report,MitigationControl,Browser fingerprint uniqueness mitigation minimizes extensions and uses anti-fingerprinting browsers,urn:entity:technology:tor_browser,urn:source:torproject__fingerprinting_protections,mitigation minimize extensions anti-fingerprinting,high,Mitigation mapping,core,,,,
urn:claim:mitigation__never_personal_over_tor__report,MitigationControl,Tor personal login mitigation never uses personal accounts over Tor and compartmentalizes identities,urn:entity:technology:tor,urn:source:arxiv__comprehensive_survey_wf_attacks,mitigation never personal compartmentalize,high,Mitigation mapping,core,,,,
urn:claim:mitigation__minimize_email_sensitive__report,MitigationControl,Encrypted email metadata exposure mitigation minimizes email for sensitive communication and prefers Signal,urn:entity:software:signal,urn:source:avoidthehack__secure_messaging_alternatives,mitigation minimize prefer Signal,high,Mitigation mapping,core,,,,
urn:claim:mitigation__multiple_recovery_paths__report,MitigationControl,Recovery key loss mitigation establishes multiple recovery paths including backup key recovery codes and tested restore,urn:entity:technology:full_disk_encryption,urn:source:reddit_privatepackets__fde_showdown,mitigation multiple recovery tested,high,Mitigation mapping,core,,,,
urn:claim:mitigation__automatic_updates__report,MitigationControl,Update neglect mitigation enables automatic updates with monthly manual verification,urn:entity:os:windows,urn:source:promon__ios_vs_android_security,mitigation automatic monthly verification,high,Mitigation mapping,core,,,,
urn:claim:mitigation__own_domain_aliases__report,MitigationControl,Alias service outage mitigation uses aliases on own domain where possible with backup access path,urn:entity:software:simplelogin,urn:source:avoidthehack__email_aliasing,mitigation own domain backup,medium,Mitigation mapping,core,,,,
urn:claim:mitigation__monitor_ech_use_tor__report,MitigationControl,ECH not deployed mitigation monitors ECH deployment and uses Tor for SNI-sensitive browsing,urn:entity:technology:encrypted_client_hello,urn:source:mozilla__encrypted_client_hello,mitigation monitor ECH use Tor,medium,Mitigation mapping,core,,,,
urn:claim:glossary__aal_definition__report,TermDefinition,AAL is Authentication Assurance Level from NIST SP 800-63B framework for authentication strength,urn:entity:concept:authentication_assurance_level,urn:source:nist__sp_800_63b_4_pdf,AAL NIST framework authentication strength,high,Glossary standardized term,core,,,,
urn:claim:glossary__aes_256_definition__report,TermDefinition,AES-256 is Advanced Encryption Standard with 256-bit key widely used symmetric cipher,urn:entity:technology:end_to_end_encryption,urn:source:nist__sp_800_63b_4_pdf,AES-256 symmetric cipher,high,Glossary standardized term,core,,,,
urn:claim:glossary__anonymity_definition__report,TermDefinition,Anonymity is the state of being unidentifiable with unlinkability of identity to activity,urn:entity:concept:anonymity,urn:source:arxiv__comprehensive_survey_wf_attacks,anonymity unidentifiable unlinkability,high,Glossary standardized term,core,,,,
urn:claim:glossary__anonymity_set_definition__report,TermDefinition,Anonymity set is the group of users among whom an individual is indistinguishable,urn:entity:technology:tor,urn:source:arxiv__comprehensive_survey_wf_attacks,anonymity set indistinguishable group,high,Glossary standardized term,core,,,,
urn:claim:glossary__e2ee_definition__report,TermDefinition,E2EE is End-to-End Encryption where only sender and recipient can read content,urn:entity:technology:end_to_end_encryption,urn:source:proton__is_signal_safe,E2EE only sender recipient read,high,Glossary standardized term,core,,,,
urn:claim:glossary__fde_definition__report,TermDefinition,FDE is Full Disk Encryption encrypting entire storage volume,urn:entity:technology:full_disk_encryption,urn:source:reddit_privatepackets__fde_showdown,FDE entire storage volume,high,Glossary standardized term,core,,,,
urn:claim:glossary__fido2_definition__report,TermDefinition,FIDO2 is Fast Identity Online 2 standard for phishing-resistant authentication,urn:entity:technology:fido2,urn:source:yubico__nist_sp_800_63_4,FIDO2 phishing-resistant authentication,high,Glossary standardized term,core,,,,
urn:claim:glossary__metadata_definition__report,TermDefinition,Metadata is data describing other data in communications who when where and how long,urn:entity:concept:metadata,urn:source:getmailbird__email_metadata_undermines_privacy,metadata data describing who when where,high,Glossary standardized term,core,,,,
urn:claim:glossary__mfa_definition__report,TermDefinition,MFA is Multi-Factor Authentication using multiple factors,urn:entity:concept:mfa,urn:source:nist__sp_800_63b_4_pdf,MFA multiple factors,high,Glossary standardized term,core,,,,
urn:claim:glossary__privacy_definition__report,TermDefinition,Privacy is control over personal information with data minimization,urn:entity:concept:privacy,urn:source:ietf__rfc_9076_dns_privacy,privacy control data minimization,high,Glossary standardized term,core,,,,
urn:claim:glossary__sealed_sender_definition__report,TermDefinition,Sealed sender is Signal feature hiding sender identity from Signal servers,urn:entity:concept:sealed_sender,urn:source:avoidthehack__secure_messaging_alternatives,sealed sender hides sender from servers,high,Glossary standardized term,core,,,,
urn:claim:glossary__sni_definition__report,TermDefinition,SNI is Server Name Indication TLS extension revealing destination hostname,urn:entity:technology:encrypted_client_hello,urn:source:mozilla__encrypted_client_hello,SNI TLS extension reveals hostname,high,Glossary standardized term,core,,,,
urn:claim:glossary__totp_definition__report,TermDefinition,TOTP is Time-based One-Time Password from RFC 6238,urn:entity:technology:totp,urn:source:nist__sp_800_63b_4_pdf,TOTP time-based RFC 6238,high,Glossary standardized term,core,,,,
urn:claim:glossary__tpm_definition__report,TermDefinition,TPM is Trusted Platform Module hardware chip for cryptographic key management,urn:entity:hardware:tpm,urn:source:reddit_privatepackets__fde_showdown,TPM hardware cryptographic keys,high,Glossary standardized term,core,,,,
urn:claim:glossary__vpn_definition__report,TermDefinition,VPN is Virtual Private Network encrypted tunnel between device and VPN server,urn:entity:technology:vpn,urn:source:protonvpn__vpn_myths,VPN encrypted tunnel device server,high,Glossary standardized term,core,,,,
urn:claim:glossary__zero_access_definition__report,TermDefinition,Zero-access encryption is architecture where service provider cannot decrypt user data,urn:entity:concept:zero_access_encryption,urn:source:baizaar__proton_mail_encrypted_email,zero-access provider cannot decrypt,high,Glossary standardized term,core,,,,
urn:claim:glossary__website_fingerprinting_definition__report,TermDefinition,Website fingerprinting is traffic analysis attack identifying visited websites from encrypted traffic patterns,urn:entity:concept:website_fingerprinting,urn:source:arxiv__comprehensive_survey_website_fingerprinting,website fingerprinting traffic analysis encrypted,high,Glossary standardized term,core,,,,
urn:claim:report__non_operational_boundaries__report,ReportScope,Report maintains strict non-operational boundaries with no step-by-step exploitation guidance no illicit URLs and dual-use topics framed for lawful defensive purposes,urn:entity:concept:privacy,urn:source:nist__sp_800_63b_4_pdf,non-operational no exploitation no illicit,high,Report safety commitment,core,,,,
urn:claim:report__evidence_quality_67_plus__report,EvidenceQuality,Report cites 67+ credible references including NIST standards IETF RFCs and academic research,urn:entity:standard:nist_sp_800_63b_4,urn:source:nist__sp_800_63b_4_pdf,67+ references NIST IETF academic,high,Report quality metric,core,,,,
urn:claim:report__threat_model_three_tier__report,MethodologyFramework,Report provides three-tier threat framework mapping Baseline Strong and High-Risk to specific technology stacks,urn:entity:concept:privacy,urn:source:nist__sp_800_63b_4_pdf,three-tier baseline strong high-risk,high,Report decision framework,core,,,,
urn:claim:report__distinguishes_privacy_anonymity__report,ConceptualClarity,Report explicitly distinguishes privacy as data minimization from anonymity as identity unlinkability,urn:entity:concept:privacy,urn:source:arxiv__comprehensive_survey_wf_attacks,privacy data minimization anonymity unlinkability,high,Report conceptual framework,core,,,,
urn:claim:report__states_limitations_every_layer__report,TransparencyPrinciple,Report states limitations and trade-offs for every technology layer,urn:entity:concept:privacy,urn:source:protonvpn__vpn_myths,states limitations trade-offs every layer,high,Report honesty commitment,core,,,,
urn:claim:report__no_absolute_claims__report,TransparencyPrinciple,Report contains no absolute claims such as X makes you anonymous anywhere in document,urn:entity:technology:tor,urn:source:arxiv__comprehensive_survey_wf_attacks,no absolute claims anywhere,high,Report accuracy commitment,core,,,,
urn:claim:implementation__30_day_baseline__report,ImplementationTimeline,30-day implementation plan achieves Baseline privacy tier with password manager MFA FDE and encrypted DNS,urn:entity:concept:privacy,urn:source:dev74__password_manager_comparison_2025,30-day baseline manager MFA FDE DNS,high,Practical roadmap,core,,,,
urn:claim:implementation__90_day_strong__report,ImplementationTimeline,90-day implementation plan achieves Strong privacy tier with FIDO2 keys VPN E2EE email and hardened devices,urn:entity:technology:fido2,urn:source:yubico__nist_sp_800_63_4,90-day strong FIDO2 VPN E2EE hardened,high,Practical roadmap,core,,,,
urn:claim:implementation__ongoing_maintenance__report,ImplementationTimeline,Ongoing maintenance includes monthly quarterly and annual reviews of credentials backups and threat model,urn:entity:concept:privacy,urn:source:dev74__password_manager_comparison_2025,ongoing monthly quarterly annual reviews,high,Practical roadmap,core,,,,
urn:claim:verification__fde_status_check__report,VerificationMethod,FDE verification confirms encryption status through OS security settings checking BitLocker FileVault or lsblk status,urn:entity:technology:full_disk_encryption,urn:source:reddit_privatepackets__fde_showdown,verify via OS settings BitLocker FileVault,high,Verification checklist,core,,,,
urn:claim:verification__auto_updates_enabled__report,VerificationMethod,Update verification confirms automatic updates are enabled and recently applied by checking last update date,urn:entity:os:windows,urn:source:promon__ios_vs_android_security,verify auto-updates enabled recent date,high,Verification checklist,core,,,,
urn:claim:verification__secure_boot_active__report,VerificationMethod,Verified boot verification confirms Secure Boot is active by checking status in UEFI firmware settings,urn:entity:os:windows,urn:source:reddit_privatepackets__fde_showdown,verify Secure Boot UEFI settings,high,Verification checklist,core,,,,
urn:claim:verification__mfa_enrollment_test__report,VerificationMethod,MFA verification tests enforcement by attempting login without second factor which should fail,urn:entity:concept:mfa,urn:source:figshare__mfa_recovery_evaluation,verify by attempt without factor fails,high,Verification checklist,core,,,,
urn:claim:verification__recovery_annual_test__report,VerificationMethod,Recovery verification tests annually whether you can recover access using only documented recovery path,urn:entity:concept:mfa,urn:source:figshare__mfa_recovery_evaluation,test annual recovery documented path,high,Verification checklist,core,,,,
urn:claim:verification__active_sessions_review__report,VerificationMethod,Session verification reviews active sessions periodically for unrecognized devices,urn:entity:concept:mfa,urn:source:nist__sp_800_63b_4_pdf,review sessions unrecognized devices,high,Verification checklist,core,,,,
urn:claim:source_67__nist_sp_800_63b_4__report,SourceMetadata,Source 67 references cite NIST SP 800-63B-4 published July 2025 as authoritative authentication guideline,urn:entity:standard:nist_sp_800_63b_4,urn:source:nist__sp_800_63b_4_pdf,NIST SP 800-63B-4 July 2025 authoritative,high,Primary standard,core,,,,
urn:claim:source_67__ietf_rfc_7858__report,SourceMetadata,Source 67 references cite IETF RFC 7858 published May 2016 specifying DNS over TLS,urn:entity:standard:rfc_7858,urn:source:ietf__rfc_7858,RFC 7858 May 2016 DNS over TLS,high,Primary standard,core,,,,
urn:claim:source_67__ietf_rfc_8484__report,SourceMetadata,Source 67 references cite IETF RFC 8484 published October 2018 specifying DNS over HTTPS,urn:entity:standard:rfc_8484,urn:source:wikipedia__dns_over_https,RFC 8484 October 2018 DoH,high,Primary standard,core,,,,
urn:claim:source_67__ietf_rfc_9076__report,SourceMetadata,Source 67 references cite IETF RFC 9076 published July 2021 on DNS privacy considerations,urn:entity:standard:rfc_9076,urn:source:ietf__rfc_9076_dns_privacy,RFC 9076 July 2021 DNS privacy,high,Primary standard,core,,,,
urn:claim:source_67__ietf_rfc_9230__report,SourceMetadata,Source 67 references cite IETF RFC 9230 published June 2022 specifying Oblivious DNS over HTTPS,urn:entity:standard:rfc_9230,urn:source:rfc_editor__rfc_9230,RFC 9230 June 2022 ODoH,high,Primary standard,core,,,,
urn:claim:checklist__account_security_10_items__report,ChecklistProvided,Report provides account security checklist with 10 verification items including password manager MFA recovery and breach monitoring,urn:entity:concept:mfa,urn:source:dev74__password_manager_comparison_2025,account security 10 items checklist,high,Deliverable appendix,core,,,,
urn:claim:checklist__device_hardening_10_items__report,ChecklistProvided,Report provides device hardening checklist with 10 verification items including OS updates FDE lock screen and backups,urn:entity:technology:full_disk_encryption,urn:source:reddit_privatepackets__fde_showdown,device hardening 10 items checklist,high,Deliverable appendix,core,,,,
urn:claim:checklist__network_privacy_10_items__report,ChecklistProvided,Report provides network privacy checklist with 10 verification items including encrypted DNS VPN WebRTC and Tor,urn:entity:technology:dns_over_https,urn:source:level1techs__dns_over_https_rfc_8484,network privacy 10 items checklist,high,Deliverable appendix,core,,,,
urn:claim:table__adversary_classification__report,TableProvided,Report provides adversary classification table mapping 5 adversary types to capabilities targets and constraints,urn:entity:concept:privacy,urn:source:nist__sp_800_63b_4_pdf,adversary table 5 types capabilities,high,Deliverable table,core,,,,
urn:claim:table__who_can_see_what__report,TableProvided,Report provides who can see what overview table mapping observer visibility across different configurations,urn:entity:technology:vpn,urn:source:protonvpn__vpn_myths,who sees what observer visibility,high,Deliverable table,core,,,,
urn:claim:table__password_manager_comparison__report,TableProvided,Report provides password manager architecture comparison table for cloud-based local-first and self-hosted,urn:entity:software:bitwarden,urn:source:dev74__password_manager_comparison_2025,password manager comparison 3 types,high,Deliverable table,core,,,,
urn:claim:table__mfa_method_comparison__report,TableProvided,Report provides MFA method comparison table evaluating SMS TOTP push FIDO2 and passkeys across 6 criteria,urn:entity:concept:mfa,urn:source:nist__sp_800_63b_4_pdf,MFA comparison 5 methods 6 criteria,high,Deliverable table,core,,,,
urn:claim:table__os_security_properties__report,TableProvided,Report provides OS security properties comparison table for iOS Android Windows macOS and Linux across 7 properties,urn:entity:os:ios,urn:source:promon__ios_vs_android_security,OS comparison 5 systems 7 properties,high,Deliverable table,core,,,,
urn:claim:table__encrypted_dns_protocols__report,TableProvided,Report provides encrypted DNS protocols comparison table for DoT DoH DoQ and ODoH across 6 criteria,urn:entity:technology:dns_over_https,urn:source:ietf__rfc_9076_dns_privacy,DNS protocols 4 types 6 criteria,high,Deliverable table,core,,,,
urn:claim:table__communication_architecture__report,TableProvided,Report provides communication architecture comparison table for centralized federated P2P and anonymous routing across 10 properties,urn:entity:software:signal,urn:source:dasroot__encrypted_messaging_comparison,communication 4 architectures 10 properties,high,Deliverable table,core,,,,
urn:claim:table__payment_traceability__report,TableProvided,Report provides payment method traceability spectrum table for cash prepaid virtual cards crypto and CBDC across 5 properties,urn:entity:cryptocurrency:bitcoin,urn:source:privacyguides__private_payments,payment 5 methods 5 properties,high,Deliverable table,core,,,,
urn:claim:table__choose_your_stack__report,TableProvided,Report provides choose-your-stack matrix mapping 10 control areas to baseline strong and high-risk tiers,urn:entity:concept:privacy,urn:source:nist__sp_800_63b_4_pdf,stack matrix 10 areas 3 tiers,high,Deliverable decision framework,core,,,,
urn:claim:table__failure_modes_mitigations__report,TableProvided,Report provides failure modes and mitigations table mapping 12 failure scenarios to impacts and controls,urn:entity:concept:privacy,urn:source:dev74__password_manager_comparison_2025,failure 12 modes impacts mitigations,high,Deliverable appendix,core,,,,
DW-CLM-1,,,,SRC-1,,0.7,,darkweb,urn:entity:darkweb:market:hydra,PROVIDES,Escrow,2021-11-01T00:00:00Z
DW-CLM-2,,,,SRC-2,,0.6,,darkweb,urn:entity:darkweb:market:hydra,LOCATED_IN,Russia,2022-04-05T00:00:00Z
